{"loss": [0.04138311371207237, 0.01641017757356167, 0.011889505200088024, 0.01056697778403759, 0.009805770590901375], "mae": [0.04138311371207237, 0.01641017757356167, 0.011889505200088024, 0.01056697778403759, 0.009805770590901375], "mape": [1412.0828857421875, 529.0821533203125, 239.8662872314453, 184.69830322265625, 99.38948059082031], "val_loss": [0.019423464313149452, 0.014874150976538658, 0.011633294634521008, 0.009523415006697178, 0.009308046661317348], "val_mae": [0.019423464313149452, 0.014874150976538658, 0.011633294634521008, 0.009523415006697178, 0.009308046661317348], "val_mape": [8.67740535736084, 6.230503082275391, 5.1631855964660645, 4.16616678237915, 3.9541449546813965]}