{"loss": [0.04089171066880226, 0.018413912504911423, 0.014505481347441673, 0.01260489784181118, 0.011102027259767056], "mae": [0.04089171066880226, 0.018413912504911423, 0.014505481347441673, 0.01260489784181118, 0.011102027259767056], "mape": [1469.837890625, 1210.9942626953125, 1021.3895874023438, 1083.3389892578125, 863.168701171875], "val_loss": [0.022093094885349274, 0.0162171833217144, 0.014240163378417492, 0.011587407439947128, 0.010837537236511707], "val_mae": [0.022093094885349274, 0.0162171833217144, 0.014240163378417492, 0.011587407439947128, 0.010837537236511707], "val_mape": [10.194022178649902, 7.539144992828369, 7.6132402420043945, 7.028894901275635, 6.391872406005859]}