{"loss": [0.036093685775995255, 0.013951276428997517, 0.012850623577833176, 0.01239207573235035, 0.010767280124127865, 0.010713744908571243], "mae": [0.036093685775995255, 0.013951276428997517, 0.012850623577833176, 0.01239207573235035, 0.010767280124127865, 0.010713744908571243], "mape": [172.24864196777344, 199.4695281982422, 34.71870422363281, 88.217529296875, 207.52886962890625, 142.14212036132812], "val_loss": [0.01250674668699503, 0.011491083540022373, 0.010480767115950584, 0.0105300173163414, 0.01033309567719698, 0.010612794198095798], "val_mae": [0.01250674668699503, 0.011491083540022373, 0.010480767115950584, 0.0105300173163414, 0.01033309567719698, 0.010612794198095798], "val_mape": [5.641763210296631, 5.368241786956787, 4.608830451965332, 4.770260810852051, 4.600016117095947, 4.428085803985596]}