{"loss": [0.04585304856300354, 0.036277204751968384], "mae": [0.04585304856300354, 0.036277204751968384], "mape": [2225.196044921875, 2214.83984375], "val_loss": [0.04097902029752731, 0.0362575463950634], "val_mae": [0.04097902029752731, 0.0362575463950634], "val_mape": [17.615570068359375, 15.555057525634766]}